neigh,abbr
Grand Boulevard,Grand Boulevard
Printers Row,Printers Row
United Center,United Center
Sheffield & DePaul,Sheffield & DePaul
Humboldt Park,Humboldt Park
Garfield Park,Garfield Park
North Lawndale,North Lawndale
Little Village,Little Village
Armour Square,Armour Square
Avalon Park,Avalon Park
Burnside,Burnside
Hermosa,Hermosa
Avondale,Avondale
Logan Square,Logan Square
Calumet Heights,Calumet Heights
East Side,East Side
West Pullman,West Pullman
Garfield Ridge,Garfield Ridge
New City,New City
Englewood,Englewood
Grand Crossing,Grand Crossing
Ashburn,Ashburn
Mount Greenwood,Mount Greenwood
Morgan Park,Morgan Park
O'Hare,O'Hare
Jackson Park,Jackson Park
Loop,Loop
Pullman,Pullman
Riverdale,Riverdale
Hegewisch,Hegewisch
Greektown,Greektown
Douglas,Douglas
Museum Campus,Museum Campus
Edgewater,Edgewater
Lake View,Lake View
Lincoln Park,Lincoln Park
Magnificent Mile,Magnificent Mile
Lincoln Square,Lincoln Square
Oakland,Oakland
Grant Park,Grant Park
West Loop,West Loop
Fuller Park,Fuller Park
Andersonville,Andersonville
Woodlawn,Woodlawn
Portage Park,Portage Park
Rush & Division,Rush & Division
"Little Italy, UIC","Little Italy, UIC"
Kenwood,Kenwood
Rogers Park,Rogers Park
Jefferson Park,Jefferson Park
"Sauganash,Forest Glen","Sauganash,Forest Glen"
North Park,North Park
Albany Park,Albany Park
Irving Park,Irving Park
Dunning,Dunning
West Ridge,West Ridge
Uptown,Uptown
Norwood Park,Norwood Park
Streeterville,Streeterville
South Shore,South Shore
Chatham,Chatham
South Chicago,South Chicago
Roseland,Roseland
North Center,North Center
South Deering,South Deering
Washington Park,Washington Park
Millenium Park,Millenium Park
Near South Side,Near South Side
Chinatown,Chinatown
Chicago Lawn,Chicago Lawn
Auburn Gresham,Auburn Gresham
Beverly,Beverly
Washington Heights,Washington Heights
Edison Park,Edison Park
Hyde Park,Hyde Park
Bucktown,Bucktown
Lower West Side,Lower West Side
Wrigleyville,Wrigleyville
Archer Heights,Archer Heights
Brighton Park,Brighton Park
Mckinley Park,Mckinley Park
East Village,East Village
West Town,West Town
Bridgeport,Bridgeport
West Elsdon,West Elsdon
Gage Park,Gage Park
Clearing,Clearing
West Lawn,West Lawn
Wicker Park,Wicker Park
Ukrainian Village,Ukrainian Village
Galewood,Galewood
Montclare,Montclare
Old Town,Old Town
Belmont Cragin,Belmont Cragin
Austin,Austin
Gold Coast,Gold Coast
Boystown,Boystown
River North,River North